seq,log_fitness,n_mut,mutant
DVPFPAGWEMAKTSSGQRYFLNHIDQTTTWQDPRKA,-0.5425418247625932,1,L173F
DVPHPAGWEMAKTSSGQRYFLNHIDQTTTWQDPRKA,-1.3137425268357565,1,L173H
DVPMPAGWEMAKTSSGQRYFLNHIDQTTTWQDPRKA,0.08106798476192456,1,L173M
DVPQPAGWEMAKTSSGQRYFLNHIDQTTTWQDPRKA,-1.4795127746143768,1,L173Q
DVPPPAGWEMAKTSSGQRYFLNHIDQTTTWQDPRKA,-1.3029029821332065,1,L173P
DVPRPAGWEMAKTSSGQRYFLNHIDQTTTWQDPRKA,-1.7969487474323724,1,L173R
DVPTPAGWEMAKTSSGQRYFLNHIDQTTTWQDPRKA,-1.5724388257905275,1,L173T
DVPWPAGWEMAKTSSGQRYFLNHIDQTTTWQDPRKA,-1.4170465823784268,1,L173W
DVPVPAGWEMAKTSSGQRYFLNHIDQTTTWQDPRKA,-0.5669078201410589,1,L173V
DVPLAAGWEMAKTSSGQRYFLNHIDQTTTWQDPRKA,-0.919163005520584,1,P174A
DVPLGAGWEMAKTSSGQRYFLNHIDQTTTWQDPRKA,-0.18953792642404071,1,P174G
DVPLLAGWEMAKTSSGQRYFLNHIDQTTTWQDPRKA,-1.1149183579288415,1,P174L
DVPLQAGWEMAKTSSGQRYFLNHIDQTTTWQDPRKA,-0.8624036533336065,1,P174Q
DVPLSAGWEMAKTSSGQRYFLNHIDQTTTWQDPRKA,-1.1281996737324091,1,P174S
DVPLRAGWEMAKTSSGQRYFLNHIDQTTTWQDPRKA,-1.4203295842078179,1,P174R
DVPLTAGWEMAKTSSGQRYFLNHIDQTTTWQDPRKA,-1.0050525198842328,1,P174T
DVPLVAGWEMAKTSSGQRYFLNHIDQTTTWQDPRKA,-1.5602018987750867,1,P174V
DVPLPCGWEMAKTSSGQRYFLNHIDQTTTWQDPRKA,-0.5656414225202133,1,A175C
DVPLPEGWEMAKTSSGQRYFLNHIDQTTTWQDPRKA,-0.6633361860943489,1,A175E
DVPLPDGWEMAKTSSGQRYFLNHIDQTTTWQDPRKA,-0.2738918279219891,1,A175D
DVPLPGGWEMAKTSSGQRYFLNHIDQTTTWQDPRKA,-0.20511357269743719,1,A175G
DVPLPFGWEMAKTSSGQRYFLNHIDQTTTWQDPRKA,-0.035957710004923135,1,A175F
DVPLPIGWEMAKTSSGQRYFLNHIDQTTTWQDPRKA,-0.0937621404594644,1,A175I
DVPLPHGWEMAKTSSGQRYFLNHIDQTTTWQDPRKA,-0.18973706121675016,1,A175H
DVPLPLGWEMAKTSSGQRYFLNHIDQTTTWQDPRKA,0.41655363161451714,1,A175L
DVPLPNGWEMAKTSSGQRYFLNHIDQTTTWQDPRKA,-0.11160909657282146,1,A175N
DVPLPQGWEMAKTSSGQRYFLNHIDQTTTWQDPRKA,-0.011398633983898175,1,A175Q
DVPLPPGWEMAKTSSGQRYFLNHIDQTTTWQDPRKA,0.044014538801580814,1,A175P
DVPLPSGWEMAKTSSGQRYFLNHIDQTTTWQDPRKA,-0.01026896968951062,1,A175S
DVPLPRGWEMAKTSSGQRYFLNHIDQTTTWQDPRKA,0.05967420557043487,1,A175R
DVPLPTGWEMAKTSSGQRYFLNHIDQTTTWQDPRKA,0.13305126473907394,1,A175T
DVPLPVGWEMAKTSSGQRYFLNHIDQTTTWQDPRKA,-0.03557638755060632,1,A175V
DVPLPYGWEMAKTSSGQRYFLNHIDQTTTWQDPRKA,0.04198675287620051,1,A175Y
DVPLPAAWEMAKTSSGQRYFLNHIDQTTTWQDPRKA,-1.1870563091568098,1,G176A
DVPLPACWEMAKTSSGQRYFLNHIDQTTTWQDPRKA,-0.7207213490675217,1,G176C
DVPLPADWEMAKTSSGQRYFLNHIDQTTTWQDPRKA,-1.381414286537444,1,G176D
DVPLPAFWEMAKTSSGQRYFLNHIDQTTTWQDPRKA,-0.2848406604662817,1,G176F
DVPLPAHWEMAKTSSGQRYFLNHIDQTTTWQDPRKA,-0.6401756193466233,1,G176H
DVPLPANWEMAKTSSGQRYFLNHIDQTTTWQDPRKA,-0.8019351797878537,1,G176N
DVPLPAPWEMAKTSSGQRYFLNHIDQTTTWQDPRKA,-1.1722660298687941,1,G176P
DVPLPASWEMAKTSSGQRYFLNHIDQTTTWQDPRKA,-1.0537608828704,1,G176S
DVPLPARWEMAKTSSGQRYFLNHIDQTTTWQDPRKA,-0.5866464523649665,1,G176R
DVPLPATWEMAKTSSGQRYFLNHIDQTTTWQDPRKA,-3.6956383281818646,1,G176T
DVPLPAVWEMAKTSSGQRYFLNHIDQTTTWQDPRKA,-2.5545859244068336,1,G176V
DVPLPAGCEMAKTSSGQRYFLNHIDQTTTWQDPRKA,-2.5731263097697537,1,W177C
DVPLPAGGEMAKTSSGQRYFLNHIDQTTTWQDPRKA,-2.3787885354637286,1,W177G
DVPLPAGFEMAKTSSGQRYFLNHIDQTTTWQDPRKA,-0.7186988024365731,1,W177F
DVPLPAGLEMAKTSSGQRYFLNHIDQTTTWQDPRKA,-2.1962339193059655,1,W177L
DVPLPAGSEMAKTSSGQRYFLNHIDQTTTWQDPRKA,-2.2621152889431735,1,W177S
DVPLPAGREMAKTSSGQRYFLNHIDQTTTWQDPRKA,-1.649253233668934,1,W177R
DVPLPAGYEMAKTSSGQRYFLNHIDQTTTWQDPRKA,-0.701834002802593,1,W177Y
DVPLPAGWAMAKTSSGQRYFLNHIDQTTTWQDPRKA,0.27610136349267794,1,E178A
DVPLPAGWDMAKTSSGQRYFLNHIDQTTTWQDPRKA,0.21020763930662487,1,E178D
DVPLPAGWGMAKTSSGQRYFLNHIDQTTTWQDPRKA,0.7416131557238952,1,E178G
DVPLPAGWHMAKTSSGQRYFLNHIDQTTTWQDPRKA,-1.3696412612844133,1,E178H
DVPLPAGWKMAKTSSGQRYFLNHIDQTTTWQDPRKA,-0.9899280889226164,1,E178K
DVPLPAGWNMAKTSSGQRYFLNHIDQTTTWQDPRKA,-0.48566155688538365,1,E178N
DVPLPAGWQMAKTSSGQRYFLNHIDQTTTWQDPRKA,0.05087702019847113,1,E178Q
DVPLPAGWSMAKTSSGQRYFLNHIDQTTTWQDPRKA,0.06176687130925855,1,E178S
DVPLPAGWTMAKTSSGQRYFLNHIDQTTTWQDPRKA,-0.10595190095164281,1,E178T
DVPLPAGWVMAKTSSGQRYFLNHIDQTTTWQDPRKA,-1.673439056757792,1,E178V
DVPLPAGWEAAKTSSGQRYFLNHIDQTTTWQDPRKA,-0.10089774213293833,1,M179A
DVPLPAGWEEAKTSSGQRYFLNHIDQTTTWQDPRKA,0.7916769393894119,1,M179E
DVPLPAGWEGAKTSSGQRYFLNHIDQTTTWQDPRKA,-0.018219857372605522,1,M179G
DVPLPAGWEFAKTSSGQRYFLNHIDQTTTWQDPRKA,-1.0248426974226075,1,M179F
DVPLPAGWEIAKTSSGQRYFLNHIDQTTTWQDPRKA,-0.4084519238231049,1,M179I
DVPLPAGWEKAKTSSGQRYFLNHIDQTTTWQDPRKA,0.09763488100957023,1,M179K
DVPLPAGWELAKTSSGQRYFLNHIDQTTTWQDPRKA,-0.32519999965382274,1,M179L
DVPLPAGWEQAKTSSGQRYFLNHIDQTTTWQDPRKA,0.31676533250270933,1,M179Q
DVPLPAGWESAKTSSGQRYFLNHIDQTTTWQDPRKA,0.21755404896637495,1,M179S
DVPLPAGWERAKTSSGQRYFLNHIDQTTTWQDPRKA,-0.17627423234203612,1,M179R
DVPLPAGWETAKTSSGQRYFLNHIDQTTTWQDPRKA,-0.1611391941469757,1,M179T
DVPLPAGWEWAKTSSGQRYFLNHIDQTTTWQDPRKA,-0.5638829165070111,1,M179W
DVPLPAGWEVAKTSSGQRYFLNHIDQTTTWQDPRKA,-0.11454052495358856,1,M179V
DVPLPAGWEMDKTSSGQRYFLNHIDQTTTWQDPRKA,-1.1027315540000135,1,A180D
DVPLPAGWEMGKTSSGQRYFLNHIDQTTTWQDPRKA,-0.7440876072947149,1,A180G
DVPLPAGWEMIKTSSGQRYFLNHIDQTTTWQDPRKA,-2.174028184262757,1,A180I
DVPLPAGWEMPKTSSGQRYFLNHIDQTTTWQDPRKA,-2.844692186121775,1,A180P
DVPLPAGWEMSKTSSGQRYFLNHIDQTTTWQDPRKA,-0.18268626909620167,1,A180S
DVPLPAGWEMRKTSSGQRYFLNHIDQTTTWQDPRKA,0.7133948464343137,1,A180R
DVPLPAGWEMTKTSSGQRYFLNHIDQTTTWQDPRKA,-0.7996400217764549,1,A180T
DVPLPAGWEMVKTSSGQRYFLNHIDQTTTWQDPRKA,-2.269681618158722,1,A180V
DVPLPAGWEMAATSSGQRYFLNHIDQTTTWQDPRKA,-0.38533158400848855,1,K181A
DVPLPAGWEMAETSSGQRYFLNHIDQTTTWQDPRKA,-0.19635852735389148,1,K181E
DVPLPAGWEMADTSSGQRYFLNHIDQTTTWQDPRKA,-0.6355911843180221,1,K181D
DVPLPAGWEMAITSSGQRYFLNHIDQTTTWQDPRKA,-0.45145856151328445,1,K181I
DVPLPAGWEMAHTSSGQRYFLNHIDQTTTWQDPRKA,-0.030151138695348634,1,K181H
DVPLPAGWEMAMTSSGQRYFLNHIDQTTTWQDPRKA,-0.3112082590951712,1,K181M
DVPLPAGWEMALTSSGQRYFLNHIDQTTTWQDPRKA,-0.0930258841358885,1,K181L
DVPLPAGWEMANTSSGQRYFLNHIDQTTTWQDPRKA,-0.3737391694510674,1,K181N
DVPLPAGWEMAQTSSGQRYFLNHIDQTTTWQDPRKA,-0.1947191273614963,1,K181Q
DVPLPAGWEMAPTSSGQRYFLNHIDQTTTWQDPRKA,-2.792508343953077,1,K181P
DVPLPAGWEMASTSSGQRYFLNHIDQTTTWQDPRKA,-0.08643390198878212,1,K181S
DVPLPAGWEMARTSSGQRYFLNHIDQTTTWQDPRKA,-0.10556015743491974,1,K181R
DVPLPAGWEMATTSSGQRYFLNHIDQTTTWQDPRKA,-0.23483247597188991,1,K181T
DVPLPAGWEMAVTSSGQRYFLNHIDQTTTWQDPRKA,-1.1043332009428508,1,K181V
DVPLPAGWEMAYTSSGQRYFLNHIDQTTTWQDPRKA,-0.5944876135751136,1,K181Y
DVPLPAGWEMAKASSGQRYFLNHIDQTTTWQDPRKA,-0.4170563512376088,1,T182A
DVPLPAGWEMAKISSGQRYFLNHIDQTTTWQDPRKA,-0.8466877767737294,1,T182I
DVPLPAGWEMAKHSSGQRYFLNHIDQTTTWQDPRKA,-2.465624556237772,1,T182H
DVPLPAGWEMAKMSSGQRYFLNHIDQTTTWQDPRKA,-0.34897123279162046,1,T182M
DVPLPAGWEMAKLSSGQRYFLNHIDQTTTWQDPRKA,-0.7530177542912332,1,T182L
DVPLPAGWEMAKNSSGQRYFLNHIDQTTTWQDPRKA,-0.9447210562415606,1,T182N
DVPLPAGWEMAKPSSGQRYFLNHIDQTTTWQDPRKA,-2.437401034350711,1,T182P
DVPLPAGWEMAKSSSGQRYFLNHIDQTTTWQDPRKA,-0.7090423196768189,1,T182S
DVPLPAGWEMAKVSSGQRYFLNHIDQTTTWQDPRKA,-0.6382292865873646,1,T182V
DVPLPAGWEMAKYSSGQRYFLNHIDQTTTWQDPRKA,-0.14238270634799643,1,T182Y
DVPLPAGWEMAKTASGQRYFLNHIDQTTTWQDPRKA,0.3960910158803582,1,S183A
DVPLPAGWEMAKTCSGQRYFLNHIDQTTTWQDPRKA,-1.2768968226122845,1,S183C
DVPLPAGWEMAKTESGQRYFLNHIDQTTTWQDPRKA,-0.32110150017479183,1,S183E
DVPLPAGWEMAKTDSGQRYFLNHIDQTTTWQDPRKA,-0.7895401461002216,1,S183D
DVPLPAGWEMAKTGSGQRYFLNHIDQTTTWQDPRKA,0.09911905646979507,1,S183G
DVPLPAGWEMAKTFSGQRYFLNHIDQTTTWQDPRKA,-0.20481952742965948,1,S183F
DVPLPAGWEMAKTISGQRYFLNHIDQTTTWQDPRKA,0.17578323715785907,1,S183I
DVPLPAGWEMAKTHSGQRYFLNHIDQTTTWQDPRKA,0.3478818888794172,1,S183H
DVPLPAGWEMAKTKSGQRYFLNHIDQTTTWQDPRKA,0.6357840531564284,1,S183K
DVPLPAGWEMAKTMSGQRYFLNHIDQTTTWQDPRKA,-0.3326920176513146,1,S183M
DVPLPAGWEMAKTLSGQRYFLNHIDQTTTWQDPRKA,-0.3681283305529501,1,S183L
DVPLPAGWEMAKTNSGQRYFLNHIDQTTTWQDPRKA,0.08662321034270375,1,S183N
DVPLPAGWEMAKTQSGQRYFLNHIDQTTTWQDPRKA,0.5556192132996787,1,S183Q
DVPLPAGWEMAKTPSGQRYFLNHIDQTTTWQDPRKA,-0.3186437131878602,1,S183P
DVPLPAGWEMAKTRSGQRYFLNHIDQTTTWQDPRKA,0.39992363553093635,1,S183R
DVPLPAGWEMAKTTSGQRYFLNHIDQTTTWQDPRKA,0.09436094635204058,1,S183T
DVPLPAGWEMAKTWSGQRYFLNHIDQTTTWQDPRKA,0.18187853413223903,1,S183W
DVPLPAGWEMAKTVSGQRYFLNHIDQTTTWQDPRKA,0.010558550216602262,1,S183V
DVPLPAGWEMAKTYSGQRYFLNHIDQTTTWQDPRKA,-0.08602183524177891,1,S183Y
DVPLPAGWEMAKTSAGQRYFLNHIDQTTTWQDPRKA,0.07500424131449546,1,S184A
DVPLPAGWEMAKTSCGQRYFLNHIDQTTTWQDPRKA,-0.7577816893079131,1,S184C
DVPLPAGWEMAKTSDGQRYFLNHIDQTTTWQDPRKA,-0.08253519547518634,1,S184D
DVPLPAGWEMAKTSGGQRYFLNHIDQTTTWQDPRKA,0.2028158407392106,1,S184G
DVPLPAGWEMAKTSFGQRYFLNHIDQTTTWQDPRKA,0.09809378049067417,1,S184F
DVPLPAGWEMAKTSIGQRYFLNHIDQTTTWQDPRKA,-0.17229011370096817,1,S184I
DVPLPAGWEMAKTSHGQRYFLNHIDQTTTWQDPRKA,-0.7705575767165203,1,S184H
DVPLPAGWEMAKTSLGQRYFLNHIDQTTTWQDPRKA,-0.2202283815298629,1,S184L
DVPLPAGWEMAKTSPGQRYFLNHIDQTTTWQDPRKA,-1.6378462403797633,1,S184P
DVPLPAGWEMAKTSRGQRYFLNHIDQTTTWQDPRKA,0.2676287554622158,1,S184R
DVPLPAGWEMAKTSTGQRYFLNHIDQTTTWQDPRKA,-0.03573188498384069,1,S184T
DVPLPAGWEMAKTSWGQRYFLNHIDQTTTWQDPRKA,0.08045684177278684,1,S184W
DVPLPAGWEMAKTSVGQRYFLNHIDQTTTWQDPRKA,-0.06010634524750369,1,S184V
DVPLPAGWEMAKTSYGQRYFLNHIDQTTTWQDPRKA,0.41556529260400166,1,S184Y
DVPLPAGWEMAKTSSAQRYFLNHIDQTTTWQDPRKA,-1.2185343617380808,1,G185A
DVPLPAGWEMAKTSSCQRYFLNHIDQTTTWQDPRKA,-0.9725845307231582,1,G185C
DVPLPAGWEMAKTSSDQRYFLNHIDQTTTWQDPRKA,-0.865069311727996,1,G185D
DVPLPAGWEMAKTSSMQRYFLNHIDQTTTWQDPRKA,-0.7984716042602052,1,G185M
DVPLPAGWEMAKTSSLQRYFLNHIDQTTTWQDPRKA,-1.2037916107424849,1,G185L
DVPLPAGWEMAKTSSNQRYFLNHIDQTTTWQDPRKA,-0.6656187402603889,1,G185N
DVPLPAGWEMAKTSSSQRYFLNHIDQTTTWQDPRKA,-1.0336097488841567,1,G185S
DVPLPAGWEMAKTSSRQRYFLNHIDQTTTWQDPRKA,-0.7467945804217843,1,G185R
DVPLPAGWEMAKTSSWQRYFLNHIDQTTTWQDPRKA,-1.719278282985295,1,G185W
DVPLPAGWEMAKTSSVQRYFLNHIDQTTTWQDPRKA,-3.194907915741229,1,G185V
DVPLPAGWEMAKTSSGARYFLNHIDQTTTWQDPRKA,0.2953182112333213,1,Q186A
DVPLPAGWEMAKTSSGERYFLNHIDQTTTWQDPRKA,-0.3950550587189849,1,Q186E
DVPLPAGWEMAKTSSGDRYFLNHIDQTTTWQDPRKA,-0.28869340690611534,1,Q186D
DVPLPAGWEMAKTSSGGRYFLNHIDQTTTWQDPRKA,-0.39670418242191685,1,Q186G
DVPLPAGWEMAKTSSGHRYFLNHIDQTTTWQDPRKA,-0.030092497556786998,1,Q186H
DVPLPAGWEMAKTSSGMRYFLNHIDQTTTWQDPRKA,-0.6682970010277988,1,Q186M
DVPLPAGWEMAKTSSGLRYFLNHIDQTTTWQDPRKA,-0.6185191301073902,1,Q186L
DVPLPAGWEMAKTSSGNRYFLNHIDQTTTWQDPRKA,-1.2091689463262445,1,Q186N
DVPLPAGWEMAKTSSGPRYFLNHIDQTTTWQDPRKA,-2.0965719959382256,1,Q186P
DVPLPAGWEMAKTSSGSRYFLNHIDQTTTWQDPRKA,-0.2245048344397964,1,Q186S
DVPLPAGWEMAKTSSGRRYFLNHIDQTTTWQDPRKA,0.24119847749364723,1,Q186R
DVPLPAGWEMAKTSSGTRYFLNHIDQTTTWQDPRKA,-1.4485802671889232,1,Q186T
DVPLPAGWEMAKTSSGWRYFLNHIDQTTTWQDPRKA,0.30242083508806084,1,Q186W
DVPLPAGWEMAKTSSGVRYFLNHIDQTTTWQDPRKA,-1.255245417744883,1,Q186V
DVPLPAGWEMAKTSSGYRYFLNHIDQTTTWQDPRKA,0.7900281257071183,1,Q186Y
DVPLPAGWEMAKTSSGQAYFLNHIDQTTTWQDPRKA,-0.06623055894329877,1,R187A
DVPLPAGWEMAKTSSGQCYFLNHIDQTTTWQDPRKA,-0.5927957852024714,1,R187C
DVPLPAGWEMAKTSSGQDYFLNHIDQTTTWQDPRKA,-0.4020753095596484,1,R187D
DVPLPAGWEMAKTSSGQGYFLNHIDQTTTWQDPRKA,-1.1012355571702122,1,R187G
DVPLPAGWEMAKTSSGQFYFLNHIDQTTTWQDPRKA,-0.0880471280149456,1,R187F
DVPLPAGWEMAKTSSGQIYFLNHIDQTTTWQDPRKA,0.5207225503694146,1,R187I
DVPLPAGWEMAKTSSGQHYFLNHIDQTTTWQDPRKA,-0.013309646612562143,1,R187H
DVPLPAGWEMAKTSSGQLYFLNHIDQTTTWQDPRKA,0.0203216752243574,1,R187L
DVPLPAGWEMAKTSSGQNYFLNHIDQTTTWQDPRKA,0.40448727838847137,1,R187N
DVPLPAGWEMAKTSSGQQYFLNHIDQTTTWQDPRKA,-0.4568042246918516,1,R187Q
DVPLPAGWEMAKTSSGQPYFLNHIDQTTTWQDPRKA,0.31644854824969115,1,R187P
DVPLPAGWEMAKTSSGQSYFLNHIDQTTTWQDPRKA,-0.11553807771983914,1,R187S
DVPLPAGWEMAKTSSGQTYFLNHIDQTTTWQDPRKA,0.28117384996188777,1,R187T
DVPLPAGWEMAKTSSGQWYFLNHIDQTTTWQDPRKA,-0.19255993899857807,1,R187W
DVPLPAGWEMAKTSSGQVYFLNHIDQTTTWQDPRKA,-0.00714015902179434,1,R187V
DVPLPAGWEMAKTSSGQYYFLNHIDQTTTWQDPRKA,-0.1427081221185585,1,R187Y
DVPLPAGWEMAKTSSGQRHFLNHIDQTTTWQDPRKA,-2.3972945148865468,1,Y188H
DVPLPAGWEMAKTSSGQRDFLNHIDQTTTWQDPRKA,-2.85686572071521,1,Y188D
DVPLPAGWEMAKTSSGQRFFLNHIDQTTTWQDPRKA,-1.8735167022780823,1,Y188F
DVPLPAGWEMAKTSSGQRYALNHIDQTTTWQDPRKA,-1.482369445482333,1,F189A
DVPLPAGWEMAKTSSGQRYILNHIDQTTTWQDPRKA,-2.8411324937929208,1,F189I
DVPLPAGWEMAKTSSGQRYHLNHIDQTTTWQDPRKA,-1.7140903547294923,1,F189H
DVPLPAGWEMAKTSSGQRYTLNHIDQTTTWQDPRKA,-2.5312073066712117,1,F189T
DVPLPAGWEMAKTSSGQRYVLNHIDQTTTWQDPRKA,-2.7750764620873096,1,F189V
DVPLPAGWEMAKTSSGQRYYLNHIDQTTTWQDPRKA,0.1256947246982151,1,F189Y
DVPLPAGWEMAKTSSGQRYFINHIDQTTTWQDPRKA,0.15319942220229651,1,L190I
DVPLPAGWEMAKTSSGQRYFKNHIDQTTTWQDPRKA,0.9943250132855533,1,L190K
DVPLPAGWEMAKTSSGQRYFMNHIDQTTTWQDPRKA,-0.30006062714432646,1,L190M
DVPLPAGWEMAKTSSGQRYFQNHIDQTTTWQDPRKA,-1.1083495492620576,1,L190Q
DVPLPAGWEMAKTSSGQRYFPNHIDQTTTWQDPRKA,-2.2122440626153046,1,L190P
DVPLPAGWEMAKTSSGQRYFRNHIDQTTTWQDPRKA,-0.44580608019451273,1,L190R
DVPLPAGWEMAKTSSGQRYFTNHIDQTTTWQDPRKA,-1.4070065688882751,1,L190T
DVPLPAGWEMAKTSSGQRYFVNHIDQTTTWQDPRKA,-0.3240705561464638,1,L190V
DVPLPAGWEMAKTSSGQRYFLCHIDQTTTWQDPRKA,-1.5230909257620138,1,N191C
DVPLPAGWEMAKTSSGQRYFLDHIDQTTTWQDPRKA,-1.0378179011337487,1,N191D
DVPLPAGWEMAKTSSGQRYFLHHIDQTTTWQDPRKA,-1.6549330147725843,1,N191H
DVPLPAGWEMAKTSSGQRYFLKHIDQTTTWQDPRKA,-1.7318976360453837,1,N191K
DVPLPAGWEMAKTSSGQRYFLSHIDQTTTWQDPRKA,-0.5684772312924246,1,N191S
DVPLPAGWEMAKTSSGQRYFLRHIDQTTTWQDPRKA,-2.1771978062797763,1,N191R
DVPLPAGWEMAKTSSGQRYFLTHIDQTTTWQDPRKA,-2.514892581275979,1,N191T
DVPLPAGWEMAKTSSGQRYFLYHIDQTTTWQDPRKA,-2.1342552764829046,1,N191Y
DVPLPAGWEMAKTSSGQRYFLNIIDQTTTWQDPRKA,-1.6485669089938768,1,H192I
DVPLPAGWEMAKTSSGQRYFLNPIDQTTTWQDPRKA,-3.375802101450266,1,H192P
DVPLPAGWEMAKTSSGQRYFLNCIDQTTTWQDPRKA,-1.7588423259551729,1,H192C
DVPLPAGWEMAKTSSGQRYFLNRIDQTTTWQDPRKA,-2.803344592731619,1,H192R
DVPLPAGWEMAKTSSGQRYFLNHADQTTTWQDPRKA,-0.366895993931606,1,I193A
DVPLPAGWEMAKTSSGQRYFLNHCDQTTTWQDPRKA,-0.17259179992603355,1,I193C
DVPLPAGWEMAKTSSGQRYFLNHGDQTTTWQDPRKA,-0.10645832880978773,1,I193G
DVPLPAGWEMAKTSSGQRYFLNHFDQTTTWQDPRKA,-0.3655423205322016,1,I193F
DVPLPAGWEMAKTSSGQRYFLNHHDQTTTWQDPRKA,0.07633131459442762,1,I193H
DVPLPAGWEMAKTSSGQRYFLNHKDQTTTWQDPRKA,0.40203821135243106,1,I193K
DVPLPAGWEMAKTSSGQRYFLNHMDQTTTWQDPRKA,-0.024345425592602728,1,I193M
DVPLPAGWEMAKTSSGQRYFLNHLDQTTTWQDPRKA,-0.039385817902240265,1,I193L
DVPLPAGWEMAKTSSGQRYFLNHNDQTTTWQDPRKA,0.2880151795929364,1,I193N
DVPLPAGWEMAKTSSGQRYFLNHPDQTTTWQDPRKA,-1.2627175098580152,1,I193P
DVPLPAGWEMAKTSSGQRYFLNHSDQTTTWQDPRKA,-0.27257058825061836,1,I193S
DVPLPAGWEMAKTSSGQRYFLNHRDQTTTWQDPRKA,-0.002307410002143451,1,I193R
DVPLPAGWEMAKTSSGQRYFLNHTDQTTTWQDPRKA,-0.0165470013158434,1,I193T
DVPLPAGWEMAKTSSGQRYFLNHVDQTTTWQDPRKA,-0.307349225662509,1,I193V
DVPLPAGWEMAKTSSGQRYFLNHYDQTTTWQDPRKA,0.02887143115324403,1,I193Y
DVPLPAGWEMAKTSSGQRYFLNHIAQTTTWQDPRKA,0.5890652994948331,1,D194A
DVPLPAGWEMAKTSSGQRYFLNHICQTTTWQDPRKA,0.6171410353589423,1,D194C
DVPLPAGWEMAKTSSGQRYFLNHIEQTTTWQDPRKA,0.27474989494993096,1,D194E
DVPLPAGWEMAKTSSGQRYFLNHIGQTTTWQDPRKA,0.2129246622907641,1,D194G
DVPLPAGWEMAKTSSGQRYFLNHIFQTTTWQDPRKA,0.12977835548405814,1,D194F
DVPLPAGWEMAKTSSGQRYFLNHIIQTTTWQDPRKA,0.1535303053147778,1,D194I
DVPLPAGWEMAKTSSGQRYFLNHIHQTTTWQDPRKA,0.3785647464469757,1,D194H
DVPLPAGWEMAKTSSGQRYFLNHIKQTTTWQDPRKA,0.8881615506429796,1,D194K
DVPLPAGWEMAKTSSGQRYFLNHILQTTTWQDPRKA,0.18135116538313573,1,D194L
DVPLPAGWEMAKTSSGQRYFLNHINQTTTWQDPRKA,0.5407084586120378,1,D194N
DVPLPAGWEMAKTSSGQRYFLNHIQQTTTWQDPRKA,0.6639489411588567,1,D194Q
DVPLPAGWEMAKTSSGQRYFLNHIPQTTTWQDPRKA,-1.7952998259254898,1,D194P
DVPLPAGWEMAKTSSGQRYFLNHISQTTTWQDPRKA,0.48100384015567715,1,D194S
DVPLPAGWEMAKTSSGQRYFLNHIRQTTTWQDPRKA,1.1503478308736763,1,D194R
DVPLPAGWEMAKTSSGQRYFLNHITQTTTWQDPRKA,0.09108004578066814,1,D194T
DVPLPAGWEMAKTSSGQRYFLNHIWQTTTWQDPRKA,0.38789190951194974,1,D194W
DVPLPAGWEMAKTSSGQRYFLNHIVQTTTWQDPRKA,0.03139399351927155,1,D194V
DVPLPAGWEMAKTSSGQRYFLNHIYQTTTWQDPRKA,0.041214106926936354,1,D194Y
DVPLPAGWEMAKTSSGQRYFLNHIDETTTWQDPRKA,-1.5568445210772324,1,Q195E
DVPLPAGWEMAKTSSGQRYFLNHIDGTTTWQDPRKA,-1.8185788584336657,1,Q195G
DVPLPAGWEMAKTSSGQRYFLNHIDHTTTWQDPRKA,-0.5534206943385659,1,Q195H
DVPLPAGWEMAKTSSGQRYFLNHIDKTTTWQDPRKA,0.7508397664393255,1,Q195K
DVPLPAGWEMAKTSSGQRYFLNHIDMTTTWQDPRKA,-0.9314466983693895,1,Q195M
DVPLPAGWEMAKTSSGQRYFLNHIDLTTTWQDPRKA,-1.7523133157518145,1,Q195L
DVPLPAGWEMAKTSSGQRYFLNHIDPTTTWQDPRKA,-2.3730233044607147,1,Q195P
DVPLPAGWEMAKTSSGQRYFLNHIDRTTTWQDPRKA,0.8245800170976538,1,Q195R
DVPLPAGWEMAKTSSGQRYFLNHIDYTTTWQDPRKA,-1.290345697451594,1,Q195Y
DVPLPAGWEMAKTSSGQRYFLNHIDQATTWQDPRKA,-0.5837752577752695,1,T196A
DVPLPAGWEMAKTSSGQRYFLNHIDQCTTWQDPRKA,-0.252163862334455,1,T196C
DVPLPAGWEMAKTSSGQRYFLNHIDQDTTWQDPRKA,-2.138791547700727,1,T196D
DVPLPAGWEMAKTSSGQRYFLNHIDQFTTWQDPRKA,0.02379200888564548,1,T196F
DVPLPAGWEMAKTSSGQRYFLNHIDQITTWQDPRKA,-0.39066281966091676,1,T196I
DVPLPAGWEMAKTSSGQRYFLNHIDQHTTWQDPRKA,-1.0765161583412683,1,T196H
DVPLPAGWEMAKTSSGQRYFLNHIDQKTTWQDPRKA,-0.36780689956669305,1,T196K
DVPLPAGWEMAKTSSGQRYFLNHIDQMTTWQDPRKA,-0.2639843515985316,1,T196M
DVPLPAGWEMAKTSSGQRYFLNHIDQLTTWQDPRKA,-0.10555210711696462,1,T196L
DVPLPAGWEMAKTSSGQRYFLNHIDQNTTWQDPRKA,-0.41243388892714505,1,T196N
DVPLPAGWEMAKTSSGQRYFLNHIDQPTTWQDPRKA,-1.6667643914397372,1,T196P
DVPLPAGWEMAKTSSGQRYFLNHIDQSTTWQDPRKA,-0.27391151364439076,1,T196S
DVPLPAGWEMAKTSSGQRYFLNHIDQRTTWQDPRKA,0.2323589628654798,1,T196R
DVPLPAGWEMAKTSSGQRYFLNHIDQTSTWQDPRKA,-0.7313282433311021,1,T197S
DVPLPAGWEMAKTSSGQRYFLNHIDQTRTWQDPRKA,-2.3828215835365194,1,T197R
DVPLPAGWEMAKTSSGQRYFLNHIDQTNTWQDPRKA,-2.4802749241271376,1,T197N
DVPLPAGWEMAKTSSGQRYFLNHIDQTTAWQDPRKA,-0.7827503742188809,1,T198A
DVPLPAGWEMAKTSSGQRYFLNHIDQTTEWQDPRKA,-1.114886707340923,1,T198E
DVPLPAGWEMAKTSSGQRYFLNHIDQTTGWQDPRKA,-0.9585527020603473,1,T198G
DVPLPAGWEMAKTSSGQRYFLNHIDQTTKWQDPRKA,-1.7998081876791516,1,T198K
DVPLPAGWEMAKTSSGQRYFLNHIDQTTMWQDPRKA,-1.5922389115845437,1,T198M
DVPLPAGWEMAKTSSGQRYFLNHIDQTTNWQDPRKA,-0.9671063190083027,1,T198N
DVPLPAGWEMAKTSSGQRYFLNHIDQTTQWQDPRKA,0.36239057020337007,1,T198Q
DVPLPAGWEMAKTSSGQRYFLNHIDQTTPWQDPRKA,-1.5743701477643883,1,T198P
DVPLPAGWEMAKTSSGQRYFLNHIDQTTSWQDPRKA,-0.37263978004146,1,T198S
DVPLPAGWEMAKTSSGQRYFLNHIDQTTRWQDPRKA,-0.8213221189948986,1,T198R
DVPLPAGWEMAKTSSGQRYFLNHIDQTTWWQDPRKA,-0.6285611922564579,1,T198W
DVPLPAGWEMAKTSSGQRYFLNHIDQTTTWADPRKA,-0.05407315628266568,1,Q200A
DVPLPAGWEMAKTSSGQRYFLNHIDQTTTWEDPRKA,-0.789276035198281,1,Q200E
DVPLPAGWEMAKTSSGQRYFLNHIDQTTTWDDPRKA,-0.42225989642818756,1,Q200D
DVPLPAGWEMAKTSSGQRYFLNHIDQTTTWGDPRKA,-0.10939556562456043,1,Q200G
DVPLPAGWEMAKTSSGQRYFLNHIDQTTTWHDPRKA,0.33494318445225263,1,Q200H
DVPLPAGWEMAKTSSGQRYFLNHIDQTTTWKDPRKA,-0.5730565358594091,1,Q200K
DVPLPAGWEMAKTSSGQRYFLNHIDQTTTWMDPRKA,-0.3109151032222299,1,Q200M
DVPLPAGWEMAKTSSGQRYFLNHIDQTTTWLDPRKA,-0.6145851055868293,1,Q200L
DVPLPAGWEMAKTSSGQRYFLNHIDQTTTWNDPRKA,0.23791804727524168,1,Q200N
DVPLPAGWEMAKTSSGQRYFLNHIDQTTTWPDPRKA,-3.138966836735493,1,Q200P
DVPLPAGWEMAKTSSGQRYFLNHIDQTTTWSDPRKA,-0.22904610057061622,1,Q200S
DVPLPAGWEMAKTSSGQRYFLNHIDQTTTWRDPRKA,0.3133828389037403,1,Q200R
DVPLPAGWEMAKTSSGQRYFLNHIDQTTTWTDPRKA,-0.36552464268101353,1,Q200T
DVPLPAGWEMAKTSSGQRYFLNHIDQTTTWWDPRKA,-0.07814972777564408,1,Q200W
DVPLPAGWEMAKTSSGQRYFLNHIDQTTTWYDPRKA,-0.10924142686780834,1,Q200Y
DVPLPAGWEMAKTSSGQRYFLNHIDQTTTWQAPRKA,-0.3506179481737162,1,D201A
DVPLPAGWEMAKTSSGQRYFLNHIDQTTTWQEPRKA,-1.3679229623820697,1,D201E
DVPLPAGWEMAKTSSGQRYFLNHIDQTTTWQGPRKA,-1.0492302147889412,1,D201G
DVPLPAGWEMAKTSSGQRYFLNHIDQTTTWQIPRKA,-1.0875048526283402,1,D201I
DVPLPAGWEMAKTSSGQRYFLNHIDQTTTWQHPRKA,-0.35896873218641473,1,D201H
DVPLPAGWEMAKTSSGQRYFLNHIDQTTTWQKPRKA,-0.2733504820440282,1,D201K
DVPLPAGWEMAKTSSGQRYFLNHIDQTTTWQNPRKA,-0.6193543897437861,1,D201N
DVPLPAGWEMAKTSSGQRYFLNHIDQTTTWQQPRKA,-0.9522009235412718,1,D201Q
DVPLPAGWEMAKTSSGQRYFLNHIDQTTTWQPPRKA,-0.6948993675874453,1,D201P
DVPLPAGWEMAKTSSGQRYFLNHIDQTTTWQSPRKA,-0.6264285589598981,1,D201S
DVPLPAGWEMAKTSSGQRYFLNHIDQTTTWQTPRKA,-0.9499268382956144,1,D201T
DVPLPAGWEMAKTSSGQRYFLNHIDQTTTWQVPRKA,-0.4481420412403575,1,D201V
DVPLPAGWEMAKTSSGQRYFLNHIDQTTTWQYPRKA,-0.48259086371231597,1,D201Y
DVPLPAGWEMAKTSSGQRYFLNHIDQTTTWQDARKA,-2.886153799134098,1,P202A
DVPLPAGWEMAKTSSGQRYFLNHIDQTTTWQDHRKA,-2.443448784962205,1,P202H
DVPLPAGWEMAKTSSGQRYFLNHIDQTTTWQDQRKA,-2.6729514391940805,1,P202Q
DVPLPAGWEMAKTSSGQRYFLNHIDQTTTWQDSRKA,-3.1722679515308636,1,P202S
DVPLPAGWEMAKTSSGQRYFLNHIDQTTTWQDRRKA,-1.4231868112765986,1,P202R
DVPLPAGWEMAKTSSGQRYFLNHIDQTTTWQDWRKA,-2.6956550776952324,1,P202W
DVPLPAGWEMAKTSSGQRYFLNHIDQTTTWQDPCKA,-1.849167110790417,1,R203C
DVPLPAGWEMAKTSSGQRYFLNHIDQTTTWQDPDKA,-1.975723955068736,1,R203D
DVPLPAGWEMAKTSSGQRYFLNHIDQTTTWQDPGKA,-1.893639618692668,1,R203G
DVPLPAGWEMAKTSSGQRYFLNHIDQTTTWQDPHKA,-2.087256261521469,1,R203H
DVPLPAGWEMAKTSSGQRYFLNHIDQTTTWQDPPKA,-2.782319352491838,1,R203P
DVPLPAGWEMAKTSSGQRYFLNHIDQTTTWQDPSKA,-1.784622677768448,1,R203S
